<?xml version='1.0' encoding='UTF-8'?>
<!-- Version 2.0 2018-02-22 -->
<taxonomyPackage xmlns="http://xbrl.org/2016/taxonomy-package" xmlns:xsi="http://www.w3.org/2001/XMLSchema-instance" xsi:schemaLocation="http://xbrl.org/2016/taxonomy-package http://xbrl.org/2016/taxonomy-package.xsd" xml:lang="en">
	<identifier>http://www.revenue.ie/schemas/ct/IE-DPL/2017-09-01</identifier>
	<name>IE-COMBINED-DPL-2017-09-01</name>
	<description>Corporation Tax Combined IFRS/FRS and Detailed Profit and Loss Taxonomies.</description>
	<version>2.0.0</version>
	<publisher>Office of the Revenue Commissioners</publisher>
	<publisherURL>http://www.revenue.ie</publisherURL>
	<publisherCountry>IE</publisherCountry>
	<publicationDate>2017-09-01</publicationDate>
	<entryPoints>
		<entryPoint>
			<name>IE-DPL 2017-09-01</name>
			<description>Detailed Profit and Loss taxonomy entry point.  Note that it is not expected that filers make use of this entry point.</description>
			<version>2.0.0</version>
			<entryPointDocument href="https://raw.githubusercontent.com/revenue-ie/dpl/master/schemas/ct/IE-DPL/2017-09-01/IE-DPL-2017-09-01.xsd"/>
		</entryPoint>
		<entryPoint>
			<name>IE-FRS-101-IE-DPL 2017-09-01</name>
			<description>Combined entry point for FRS-101 and Detailed Profit and Loss taxonomies.</description>
			<version>2.0.0</version>
			<entryPointDocument href="https://raw.githubusercontent.com/revenue-ie/dpl/master/schemas/ct/combined/2017-09-01/IE-FRS-101-IE-DPL-2017-09-01.xsd"/>
		</entryPoint>
		<entryPoint>
			<name>IE-FRS-102-IE-DPL 2017-09-01</name>
			<description>Combined entry point for FRS-102 and Detailed Profit and Loss taxonomies.</description>
			<version>2.0.0</version>
			<entryPointDocument href="https://raw.githubusercontent.com/revenue-ie/dpl/master/schemas/ct/combined/2017-09-01/IE-FRS-102-IE-DPL-2017-09-01.xsd"/>
		</entryPoint>
		<entryPoint>
			<name>IE-EU-IFRS-IE-DPL 2017-09-01</name>
			<description>Combined entry point for EU-IFRS and Detailed Profit and Loss taxonomies.</description>
			<version>2.0.0</version>
			<entryPointDocument href="https://raw.githubusercontent.com/revenue-ie/dpl/master/schemas/ct/combined/2017-09-01/IE-EU-IFRS-IE-DPL-2017-09-01.xsd"/>
		</entryPoint>
	</entryPoints>
</taxonomyPackage>
